year,state,candidate,party,candidatevotes,totalvotes
1976,Alabama,"Carter, Jimmy",democrat,659170,1182850
1980,Alabama,"Reagan, Ronald",republican,654192,1341929
1984,Alabama,"Reagan, Ronald",republican,872849,1441713
1988,Alabama,"Bush, George H.W.",republican,815576,1378476
1992,Alabama,"Bush, George H.W.",republican,804283,1688060
1996,Alabama,"Dole, Robert",republican,769044,1534349
2000,Alabama,"Bush, George W.",republican,941173,1666272
2004,Alabama,"Bush, George W.",republican,1176394,1883415
2008,Alabama,"McCain, John",republican,1266546,2099819
2012,Alabama,"Romney, Mitt",republican,1255925,2074338
2016,Alabama,"Trump, Donald J.",republican,1318255,2123372
1976,Alaska,"Ford, Gerald",republican,71555,123574
1980,Alaska,"Reagan, Ronald",republican,86112,158445
1984,Alaska,"Reagan, Ronald",republican,138377,207605
1988,Alaska,"Bush, George H.W.",republican,119251,200116
1992,Alaska,"Bush, George H.W.",republican,102000,258506
1996,Alaska,"Dole, Robert",republican,122746,241620
2000,Alaska,"Bush, George W.",republican,167398,285560
2004,Alaska,"Bush, George W.",republican,190889,312598
2008,Alaska,"McCain, John",republican,193841,326197
2012,Alaska,"Romney, Mitt",republican,164676,300495
2016,Alaska,"Trump, Donald J.",republican,163387,318608
1976,Arizona,"Ford, Gerald",republican,418642,742719
1980,Arizona,"Reagan, Ronald",republican,529688,873945
1984,Arizona,"Reagan, Ronald",republican,681416,1025897
1988,Arizona,"Bush, George H.W.",republican,702541,1171873
1992,Arizona,"Bush, George H.W.",republican,572086,1486975
1996,Arizona,"Clinton, Bill",democrat,653288,1404405
2000,Arizona,"Bush, George W.",republican,781652,1532016
2004,Arizona,"Bush, George W.",republican,1104294,2012585
2008,Arizona,"McCain, John",republican,1230111,2293475
2012,Arizona,"Romney, Mitt",republican,1233654,2299254
2016,Arizona,"Trump, Donald J.",republican,1252401,2573165
1976,Arkansas,"Carter, Jimmy",democrat,498604,767535
1980,Arkansas,"Reagan, Ronald",republican,403164,837582
1984,Arkansas,"Reagan, Ronald",republican,534774,884406
1988,Arkansas,"Bush, George H.W.",republican,466578,827738
1992,Arkansas,"Clinton, Bill",democrat,505823,950653
1996,Arkansas,"Clinton, Bill",democrat,475171,884262
2000,Arkansas,"Bush, George W.",republican,472940,921781
2004,Arkansas,"Bush, George W.",republican,572898,1054945
2008,Arkansas,"McCain, John",republican,638017,1086617
2012,Arkansas,"Romney, Mitt",republican,647744,1069468
2016,Arkansas,"Trump, Donald J.",republican,684872,1130635
1976,California,"Ford, Gerald",republican,3882244,7803770
1980,California,"Reagan, Ronald",republican,4522994,8582938
1984,California,"Reagan, Ronald",republican,5467009,9505041
1988,California,"Bush, George H.W.",republican,5054917,9887065
1992,California,"Clinton, Bill",democrat,5121325,11131721
1996,California,"Clinton, Bill",democrat,5119835,10019469
2000,California,"Gore, Al",democrat,5861203,10965822
2004,California,"Kerry, John",democrat,6745485,12421353
2008,California,"Obama, Barack H.",democrat,8274473,13561900
2012,California,"Obama, Barack H.",democrat,7854285,13038547
2016,California,"Clinton, Hillary",democrat,8753788,14181595
1976,Colorado,"Ford, Gerald",republican,584278,1081440
1980,Colorado,"Reagan, Ronald",republican,652264,1184450
1984,Colorado,"Reagan, Ronald",republican,821817,1295380
1988,Colorado,"Bush, George H.W.",republican,728177,1372394
1992,Colorado,"Clinton, Bill",democrat,629681,1569180
1996,Colorado,"Dole, Robert",republican,691848,1510702
2000,Colorado,"Bush, George W.",republican,883748,1741368
2004,Colorado,"Bush, George W.",republican,1101255,2129630
2008,Colorado,"Obama, Barack H.",democrat,1288576,2401361
2012,Colorado,"Obama, Barack H.",democrat,1323101,2569516
2016,Colorado,"Clinton, Hillary",democrat,1338870,2780220
1976,Connecticut,"Ford, Gerald",republican,719261,1386355
1980,Connecticut,"Reagan, Ronald",republican,677210,1406285
1984,Connecticut,"Reagan, Ronald",republican,890877,1466900
1988,Connecticut,"Bush, George H.W.",republican,750241,1443394
1992,Connecticut,"Clinton, Bill",democrat,682318,1616156
1996,Connecticut,"Clinton, Bill",democrat,735740,1392614
2000,Connecticut,"Gore, Al",democrat,816015,1459525
2004,Connecticut,"Kerry, John",democrat,857488,1578769
2008,Connecticut,"Obama, Barack H.",democrat,997772,1646792
2012,Connecticut,"Obama, Barack H.",democrat,905083,1558204
2016,Connecticut,"Clinton, Hillary",democrat,897572,1644920
1976,Delaware,"Carter, Jimmy",democrat,122461,235642
1980,Delaware,"Reagan, Ronald",republican,111252,235668
1984,Delaware,"Reagan, Ronald",republican,152190,254572
1988,Delaware,"Bush, George H.W.",republican,139639,249891
1992,Delaware,"Clinton, Bill",democrat,126054,289620
1996,Delaware,"Clinton, Bill",democrat,140355,270810
2000,Delaware,"Gore, Al",democrat,180068,327529
2004,Delaware,"Kerry, John",democrat,200152,375190
2008,Delaware,"Obama, Barack H.",democrat,255459,412412
2012,Delaware,"Obama, Barack H.",democrat,242584,413890
2016,Delaware,"Clinton, Hillary",democrat,235603,441590
1976,District of Columbia,"Carter, Jimmy",democrat,137818,168830
1980,District of Columbia,"Carter, Jimmy",democrat,130231,173889
1984,District of Columbia,"Mondale, Walter",democrat,180408,211288
1988,District of Columbia,"Dukakis, Michael",democrat,159407,192877
1992,District of Columbia,"Clinton, Bill",democrat,192619,227572
1996,District of Columbia,"Clinton, Bill",democrat,158220,185726
2000,District of Columbia,"Gore, Al",democrat,171923,201894
2004,District of Columbia,"Kerry, John",democrat,202970,227586
2008,District of Columbia,"Obama, Barack H.",democrat,245800,265853
2012,District of Columbia,"Obama, Barack H.",democrat,267070,293764
2016,District of Columbia,"Clinton, Hillary",democrat,282830,312575
1976,Florida,"Carter, Jimmy",democrat,1636000,3150631
1980,Florida,"Reagan, Ronald",republican,2046951,3686927
1984,Florida,"Reagan, Ronald",republican,2730350,4180051
1988,Florida,"Bush, George H.W.",republican,2618885,4302313
1992,Florida,"Bush, George H.W.",republican,2173310,5313392
1996,Florida,"Clinton, Bill",democrat,2546870,5303154
2000,Florida,"Bush, George W.",republican,2912790,5963110
2004,Florida,"Bush, George W.",republican,3964522,7609810
2008,Florida,"Obama, Barack H.",democrat,4282074,8390744
2012,Florida,"Obama, Barack H.",democrat,4237756,8474179
2016,Florida,"Trump, Donald J.",republican,4617886,9420039
1976,Georgia,"Carter, Jimmy",democrat,979409,1463152
1980,Georgia,"Carter, Jimmy",democrat,890955,1596805
1984,Georgia,"Reagan, Ronald",republican,1068722,1776103
1988,Georgia,"Bush, George H.W.",republican,1081331,1809672
1992,Georgia,"Clinton, Bill",democrat,1008966,2321133
1996,Georgia,"Dole, Robert",republican,1080843,2298899
2000,Georgia,"Bush, George W.",republican,1419720,2583208
2004,Georgia,"Bush, George W.",republican,1914254,3301875
2008,Georgia,"McCain, John",republican,2048759,3924486
2012,Georgia,"Romney, Mitt",republican,2078688,3897839
2016,Georgia,"Trump, Donald J.",republican,2089104,4114732
1976,Hawaii,"Carter, Jimmy",democrat,147375,291301
1980,Hawaii,"Carter, Jimmy",democrat,135879,303287
1984,Hawaii,"Reagan, Ronald",republican,185050,335846
1988,Hawaii,"Dukakis, Michael",democrat,192364,354461
1992,Hawaii,"Clinton, Bill",democrat,179310,372842
1996,Hawaii,"Clinton, Bill",democrat,205012,360120
2000,Hawaii,"Gore, Al",democrat,205286,367951
2004,Hawaii,"Kerry, John",democrat,231708,429013
2008,Hawaii,"Obama, Barack H.",democrat,325871,456064
2012,Hawaii,"Obama, Barack H.",democrat,306658,437159
2016,Hawaii,"Clinton, Hillary",democrat,266891,437664
1976,Idaho,"Ford, Gerald",republican,204151,340932
1980,Idaho,"Reagan, Ronald",republican,290699,437431
1984,Idaho,"Reagan, Ronald",republican,297523,411144
1988,Idaho,"Bush, George H.W.",republican,253881,408968
1992,Idaho,"Bush, George H.W.",republican,202645,482114
1996,Idaho,"Dole, Robert",republican,256595,491711
2000,Idaho,"Bush, George W.",republican,336937,501615
2004,Idaho,"Bush, George W.",republican,409235,598376
2008,Idaho,"McCain, John",republican,403012,655122
2012,Idaho,"Romney, Mitt",republican,420911,652274
2016,Idaho,"Trump, Donald J.",republican,409055,690255
1976,Illinois,"Ford, Gerald",republican,2364269,4721282
1980,Illinois,"Reagan, Ronald",republican,2358049,4749721
1984,Illinois,"Reagan, Ronald",republican,2707103,4819088
1988,Illinois,"Bush, George H.W.",republican,2310939,4559120
1992,Illinois,"Clinton, Bill",democrat,2453350,5050157
1996,Illinois,"Clinton, Bill",democrat,2341744,4311391
2000,Illinois,"Gore, Al",democrat,2589026,4742108
2004,Illinois,"Kerry, John",democrat,2891550,5274322
2008,Illinois,"Obama, Barack H.",democrat,3419348,5522371
2012,Illinois,"Obama, Barack H.",democrat,3019512,5242014
2016,Illinois,"Clinton, Hillary",democrat,3090729,5536424
1976,Indiana,"Ford, Gerald",republican,1183958,2220362
1980,Indiana,"Reagan, Ronald",republican,1255656,2242033
1984,Indiana,"Reagan, Ronald",republican,1377230,2233069
1988,Indiana,"Bush, George H.W.",republican,1297763,2168621
1992,Indiana,"Bush, George H.W.",republican,989375,2305871
1996,Indiana,"Dole, Robert",republican,1006693,2135431
2000,Indiana,"Bush, George W.",republican,1245836,2199302
2004,Indiana,"Bush, George W.",republican,1479438,2468002
2008,Indiana,"Obama, Barack H.",democrat,1374039,2751054
2012,Indiana,"Romney, Mitt",republican,1420543,2624534
2016,Indiana,"Trump, Donald J.",republican,1557286,2734958
1976,Iowa,"Ford, Gerald",republican,632864,1279303
1980,Iowa,"Reagan, Ronald",republican,676026,1317661
1984,Iowa,"Reagan, Ronald",republican,703088,1319805
1988,Iowa,"Dukakis, Michael",democrat,670557,1225614
1992,Iowa,"Clinton, Bill",democrat,586353,1354607
1996,Iowa,"Clinton, Bill",democrat,620258,1234075
2000,Iowa,"Gore, Al",democrat,638517,1353022
2004,Iowa,"Bush, George W.",republican,751957,1506908
2008,Iowa,"Obama, Barack H.",democrat,828940,1537123
2012,Iowa,"Obama, Barack H.",democrat,822544,1582180
2016,Iowa,"Trump, Donald J.",republican,800983,1565580
1976,Kansas,"Ford, Gerald",republican,502752,957845
1980,Kansas,"Reagan, Ronald",republican,566812,979795
1984,Kansas,"Reagan, Ronald",republican,677296,1021991
1988,Kansas,"Bush, George H.W.",republican,554049,993044
1992,Kansas,"Bush, George H.W.",republican,449951,1157236
1996,Kansas,"Dole, Robert",republican,583245,1074300
2000,Kansas,"Bush, George W.",republican,622332,1072216
2004,Kansas,"Bush, George W.",republican,736456,1187756
2008,Kansas,"McCain, John",republican,699655,1235872
2012,Kansas,"Romney, Mitt",republican,692634,1159971
2016,Kansas,"Trump, Donald J.",republican,671018,1184402
1976,Kentucky,"Carter, Jimmy",democrat,615717,1167142
1980,Kentucky,"Reagan, Ronald",republican,635274,1295627
1984,Kentucky,"Reagan, Ronald",republican,821702,1369345
1988,Kentucky,"Bush, George H.W.",republican,734281,1322517
1992,Kentucky,"Clinton, Bill",democrat,665104,1492900
1996,Kentucky,"Clinton, Bill",democrat,636614,1388708
2000,Kentucky,"Bush, George W.",republican,872520,1544106
2004,Kentucky,"Bush, George W.",republican,1069439,1795882
2008,Kentucky,"McCain, John",republican,1048462,1826620
2012,Kentucky,"Romney, Mitt",republican,1087190,1797212
2016,Kentucky,"Trump, Donald J.",republican,1202971,1924149
1976,Louisiana,"Carter, Jimmy",democrat,661365,1277383
1980,Louisiana,"Reagan, Ronald",republican,792853,1548591
1984,Louisiana,"Reagan, Ronald",republican,1037299,1706822
1988,Louisiana,"Bush, George H.W.",republican,883702,1628202
1992,Louisiana,"Clinton, Bill",democrat,815971,1790017
1996,Louisiana,"Clinton, Bill",democrat,927837,1783959
2000,Louisiana,"Bush, George W.",republican,927871,1765656
2004,Louisiana,"Bush, George W.",republican,1102169,1943106
2008,Louisiana,"McCain, John",republican,1148275,1960761
2012,Louisiana,"Romney, Mitt",republican,1152262,1994065
2016,Louisiana,"Trump, Donald J.",republican,1178638,2029032
1976,Maine,"Ford, Gerald",republican,236320,482968
1980,Maine,"Reagan, Ronald",republican,238522,523011
1984,Maine,"Reagan, Ronald",republican,336500,553144
1988,Maine,"Bush, George H.W.",republican,307131,555035
1992,Maine,"Clinton, Bill",democrat,263420,679499
1996,Maine,"Clinton, Bill",democrat,312788,605897
2000,Maine,"Gore, Al",democrat,319951,651817
2004,Maine,"Kerry, John",democrat,396842,740752
2008,Maine,"Obama, Barack H.",democrat,421923,731163
2012,Maine,"Obama, Barack H.",democrat,401306,724758
2016,Maine,"Clinton, Hillary",democrat,357735,771892
1976,Maryland,"Carter, Jimmy",democrat,759612,1432273
1980,Maryland,"Carter, Jimmy",democrat,726161,1540496
1984,Maryland,"Reagan, Ronald",republican,879918,1675873
1988,Maryland,"Bush, George H.W.",republican,876167,1714358
1992,Maryland,"Clinton, Bill",democrat,988571,1984580
1996,Maryland,"Clinton, Bill",democrat,966207,1780870
2000,Maryland,"Gore, Al",democrat,1144008,2025212
2004,Maryland,"Kerry, John",democrat,1334493,2384238
2008,Maryland,"Obama, Barack H.",democrat,1629467,2631596
2012,Maryland,"Obama, Barack H.",democrat,1677844,2707327
2016,Maryland,"Clinton, Hillary",democrat,1677928,2781446
1976,Massachusetts,"Carter, Jimmy",democrat,1429475,2547558
1980,Massachusetts,"Reagan, Ronald",republican,1057631,2524090
1984,Massachusetts,"Reagan, Ronald",republican,1310936,2559383
1988,Massachusetts,"Dukakis, Michael",democrat,1401415,2632801
1992,Massachusetts,"Clinton, Bill",democrat,1318639,2773664
1996,Massachusetts,"Clinton, Bill",democrat,1571509,2556459
2000,Massachusetts,"Gore, Al",democrat,1616487,2733964
2004,Massachusetts,"Kerry, John",democrat,1803800,2927455
2008,Massachusetts,"Obama, Barack H.",democrat,1904097,3102995
2012,Massachusetts,"Obama, Barack H.",democrat,1921290,3184196
2016,Massachusetts,"Clinton, Hillary",democrat,1995196,3378821
1976,Michigan,"Ford, Gerald",republican,1893742,3651590
1980,Michigan,"Reagan, Ronald",republican,1915225,3909725
1984,Michigan,"Reagan, Ronald",republican,2251571,3801658
1988,Michigan,"Bush, George H.W.",republican,1965486,3669163
1992,Michigan,"Clinton, Bill",democrat,1871182,4274673
1996,Michigan,"Clinton, Bill",democrat,1989653,3848844
2000,Michigan,"Gore, Al",democrat,2170418,4232501
2004,Michigan,"Kerry, John",democrat,2479183,4839252
2008,Michigan,"Obama, Barack H.",democrat,2872579,5001596
2012,Michigan,"Obama, Barack H.",democrat,2564569,4730961
2016,Michigan,"Trump, Donald J.",republican,2279543,4799284
1976,Minnesota,"Carter, Jimmy",democrat,1070440,1949931
1980,Minnesota,"Carter, Jimmy",democrat,954173,2051916
1984,Minnesota,"Mondale, Walter",democrat,1036364,2084449
1988,Minnesota,"Dukakis, Michael",democrat,1109471,2096790
1992,Minnesota,"Clinton, Bill",democrat,1020997,2347948
1996,Minnesota,"Clinton, Bill",democrat,1120380,2192492
2000,Minnesota,"Gore, Al",democratic-farmer-labor,1168266,2438685
2004,Minnesota,"Kerry, John",democratic-farmer-labor,1445014,2828387
2008,Minnesota,"Obama, Barack H.",democrat,1573354,2910369
2012,Minnesota,"Obama, Barack H.",democratic-farmer-labor,1546167,2936561
2016,Minnesota,"Clinton, Hillary",democrat,1367705,2944782
1976,Mississippi,"Carter, Jimmy",democrat,381329,768390
1980,Mississippi,"Reagan, Ronald",republican,441089,891750
1984,Mississippi,"Reagan, Ronald",republican,582377,941104
1988,Mississippi,"Bush, George H.W.",republican,557890,931527
1992,Mississippi,"Bush, George H.W.",republican,487793,981793
1996,Mississippi,"Dole, Robert",republican,439838,893857
2000,Mississippi,"Bush, George W.",republican,572844,994184
2004,Mississippi,"Bush, George W.",republican,672660,1139824
2008,Mississippi,"McCain, John",republican,724597,1289865
2012,Mississippi,"Romney, Mitt",republican,710746,1285584
2016,Mississippi,"Trump, Donald J.",republican,700714,1209357
1976,Missouri,"Carter, Jimmy",democrat,998387,1953600
1980,Missouri,"Reagan, Ronald",republican,1074181,2099824
1984,Missouri,"Reagan, Ronald",republican,1274188,2122771
1988,Missouri,"Bush, George H.W.",republican,1084953,2093228
1992,Missouri,"Clinton, Bill",democrat,1053873,2391270
1996,Missouri,"Clinton, Bill",democrat,1025935,2158065
2000,Missouri,"Bush, George W.",republican,1189924,2359892
2004,Missouri,"Bush, George W.",republican,1455713,2731364
2008,Missouri,"McCain, John",republican,1445814,2925205
2012,Missouri,"Romney, Mitt",republican,1482440,2757323
2016,Missouri,"Trump, Donald J.",republican,1594511,2808605
1976,Montana,"Ford, Gerald",republican,173703,328734
1980,Montana,"Reagan, Ronald",republican,206814,363952
1984,Montana,"Reagan, Ronald",republican,232450,384377
1988,Montana,"Bush, George H.W.",republican,190412,365674
1992,Montana,"Clinton, Bill",democrat,154507,410583
1996,Montana,"Dole, Robert",republican,179652,407083
2000,Montana,"Bush, George W.",republican,240178,410986
2004,Montana,"Bush, George W.",republican,266063,450434
2008,Montana,"McCain, John",republican,242763,490109
2012,Montana,"Romney, Mitt",republican,267928,484048
2016,Montana,"Trump, Donald J.",republican,279240,494526
1976,Nebraska,"Ford, Gerald",republican,359219,606749
1980,Nebraska,"Reagan, Ronald",republican,419214,639533
1984,Nebraska,"Reagan, Ronald",republican,460054,652090
1988,Nebraska,"Bush, George H.W.",republican,397956,661465
1992,Nebraska,"Bush, George H.W.",republican,343678,737546
1996,Nebraska,"Dole, Robert",republican,363467,677415
2000,Nebraska,"Bush, George W.",republican,433862,697019
2004,Nebraska,"Bush, George W.",republican,512814,778186
2008,Nebraska,"McCain, John",republican,452979,801281
2012,Nebraska,"Romney, Mitt",republican,475064,794379
2016,Nebraska,"Trump, Donald J.",republican,495961,844227
1976,Nevada,"Ford, Gerald",republican,101273,201876
1980,Nevada,"Reagan, Ronald",republican,155017,243692
1984,Nevada,"Reagan, Ronald",republican,188770,282717
1988,Nevada,"Bush, George H.W.",republican,206040,343133
1992,Nevada,"Clinton, Bill",democrat,189148,506318
1996,Nevada,"Clinton, Bill",democrat,203974,464279
2000,Nevada,"Bush, George W.",republican,301575,609426
2004,Nevada,"Bush, George W.",republican,418690,829587
2008,Nevada,"Obama, Barack H.",democrat,533736,967848
2012,Nevada,"Obama, Barack H.",democrat,531373,1014918
2016,Nevada,"Clinton, Hillary",democrat,539260,1125385
1976,New Hampshire,"Ford, Gerald",republican,185935,339627
1980,New Hampshire,"Reagan, Ronald",republican,221705,383990
1984,New Hampshire,"Reagan, Ronald",republican,267050,388904
1988,New Hampshire,"Bush, George H.W.",republican,281537,450525
1992,New Hampshire,"Clinton, Bill",democrat,209040,537215
1996,New Hampshire,"Clinton, Bill",democrat,246166,496597
2000,New Hampshire,"Bush, George W.",republican,273559,569081
2004,New Hampshire,"Kerry, John",democrat,340511,678287
2008,New Hampshire,"Obama, Barack H.",democrat,384826,710970
2012,New Hampshire,"Obama, Barack H.",democrat,369561,710972
2016,New Hampshire,"Clinton, Hillary",democrat,348526,744296
1976,New Jersey,"Ford, Gerald",republican,1509688,3014472
1980,New Jersey,"Reagan, Ronald",republican,1546557,2975684
1984,New Jersey,"Reagan, Ronald",republican,1933630,3217862
1988,New Jersey,"Bush, George H.W.",republican,1743192,3099553
1992,New Jersey,"Clinton, Bill",democrat,1436206,3343594
1996,New Jersey,"Clinton, Bill",democrat,1652361,3075860
2000,New Jersey,"Gore, Al",democrat,1788850,3187226
2004,New Jersey,"Kerry, John",democrat,1911430,3611691
2008,New Jersey,"Obama, Barack H.",democrat,2215422,3868237
2012,New Jersey,"Obama, Barack H.",democrat,2122786,3638499
2016,New Jersey,"Clinton, Hillary",democrat,2148278,3874046
1976,New Mexico,"Ford, Gerald",republican,211419,416590
1980,New Mexico,"Reagan, Ronald",republican,250779,456237
1984,New Mexico,"Reagan, Ronald",republican,307101,514370
1988,New Mexico,"Bush, George H.W.",republican,270341,521387
1992,New Mexico,"Clinton, Bill",democrat,261617,569986
1996,New Mexico,"Clinton, Bill",democrat,273495,556074
2000,New Mexico,"Gore, Al",democrat,286783,598605
2004,New Mexico,"Bush, George W.",republican,376930,756304
2008,New Mexico,"Obama, Barack H.",democrat,472422,830158
2012,New Mexico,"Obama, Barack H.",democrat,415335,783758
2016,New Mexico,"Clinton, Hillary",democrat,385234,798319
1976,New York,"Carter, Jimmy",democrat,3244165,6668262
1980,New York,"Carter, Jimmy",democrat,2728372,6201959
1984,New York,"Reagan, Ronald",republican,3376519,6806810
1988,New York,"Dukakis, Michael",democrat,3255487,6485683
1992,New York,"Clinton, Bill",democrat,3346894,7079432
1996,New York,"Clinton, Bill",democrat,3649630,6439129
2000,New York,"Gore, Al",democrat,3942215,6960215
2004,New York,"Kerry, John",democrat,4180755,7448266
2008,New York,"Obama, Barack H.",democrat,4645332,7722019
2012,New York,"Obama, Barack H.",democrat,4324228,7116784
2016,New York,"Clinton, Hillary",democrat,4379789,7802084
1976,North Carolina,"Carter, Jimmy",democrat,927365,1677906
1980,North Carolina,"Reagan, Ronald",republican,915018,1855833
1984,North Carolina,"Reagan, Ronald",republican,1346481,2175361
1988,North Carolina,"Bush, George H.W.",republican,1237258,2134370
1992,North Carolina,"Bush, George H.W.",republican,1134661,2611850
1996,North Carolina,"Dole, Robert",republican,1225938,2515807
2000,North Carolina,"Bush, George W.",republican,1631163,2914990
2004,North Carolina,"Bush, George W.",republican,1961166,3501007
2008,North Carolina,"Obama, Barack H.",democrat,2142651,4310851
2012,North Carolina,"Romney, Mitt",republican,2270395,4505372
2016,North Carolina,"Trump, Donald J.",republican,2362631,4741564
1976,North Dakota,"Ford, Gerald",republican,153684,297308
1980,North Dakota,"Reagan, Ronald",republican,193695,301116
1984,North Dakota,"Reagan, Ronald",republican,200336,308971
1988,North Dakota,"Bush, George H.W.",republican,166559,297261
1992,North Dakota,"Bush, George H.W.",republican,136244,308133
1996,North Dakota,"Dole, Robert",republican,125050,266411
2000,North Dakota,"Bush, George W.",republican,174852,288256
2004,North Dakota,"Bush, George W.",republican,196651,312833
2008,North Dakota,"McCain, John",republican,168601,316621
2012,North Dakota,"Romney, Mitt",republican,188320,322932
2016,North Dakota,"Trump, Donald J.",republican,216794,344360
1976,Ohio,"Carter, Jimmy",democrat,2009959,4110456
1980,Ohio,"Reagan, Ronald",republican,2206545,4283603
1984,Ohio,"Reagan, Ronald",republican,2678559,4563235
1988,Ohio,"Bush, George H.W.",republican,2416549,4393585
1992,Ohio,"Clinton, Bill",democrat,1984942,4939967
1996,Ohio,"Clinton, Bill",democrat,2148222,4534434
2000,Ohio,"Bush, George W.",republican,2350363,4701998
2004,Ohio,"Bush, George W.",republican,2859764,5627903
2008,Ohio,"Obama, Barack H.",democrat,2940044,5708350
2012,Ohio,"Obama, Barack H.",democrat,2827621,5580822
2016,Ohio,"Trump, Donald J.",republican,2841005,5496487
1976,Oklahoma,"Ford, Gerald",republican,545708,1092251
1980,Oklahoma,"Reagan, Ronald",republican,695570,1149708
1984,Oklahoma,"Reagan, Ronald",republican,861530,1255676
1988,Oklahoma,"Bush, George H.W.",republican,678367,1171036
1992,Oklahoma,"Bush, George H.W.",republican,592929,1390359
1996,Oklahoma,"Dole, Robert",republican,582315,1206713
2000,Oklahoma,"Bush, George W.",republican,744337,1234229
2004,Oklahoma,"Bush, George W.",republican,959792,1463758
2008,Oklahoma,"McCain, John",republican,960165,1462661
2012,Oklahoma,"Romney, Mitt",republican,891325,1334872
2016,Oklahoma,"Trump, Donald J.",republican,949136,1452992
1976,Oregon,"Ford, Gerald",republican,492120,1029876
1980,Oregon,"Reagan, Ronald",republican,571044,1181516
1984,Oregon,"Reagan, Ronald",republican,685700,1226527
1988,Oregon,"Dukakis, Michael",democrat,616206,1201694
1992,Oregon,"Clinton, Bill",democrat,621314,1462643
1996,Oregon,"Clinton, Bill",democrat,649641,1377760
2000,Oregon,"Gore, Al",democrat,720342,1533950
2004,Oregon,"Kerry, John",democrat,943163,1836782
2008,Oregon,"Obama, Barack H.",democrat,1037291,1827864
2012,Oregon,"Obama, Barack H.",democrat,970488,1789270
2016,Oregon,"Clinton, Hillary",democrat,1002106,2001336
1976,Pennsylvania,"Carter, Jimmy",democrat,2328677,4620787
1980,Pennsylvania,"Reagan, Ronald",republican,2261872,4561501
1984,Pennsylvania,"Reagan, Ronald",republican,2584323,4844903
1988,Pennsylvania,"Bush, George H.W.",republican,2300087,4536251
1992,Pennsylvania,"Clinton, Bill",democrat,2239164,4959810
1996,Pennsylvania,"Clinton, Bill",democrat,2215819,4501307
2000,Pennsylvania,"Gore, Al",democrat,2485967,4912185
2004,Pennsylvania,"Kerry, John",democrat,2938095,5769590
2008,Pennsylvania,"Obama, Barack H.",democrat,3276363,6013272
2012,Pennsylvania,"Obama, Barack H.",democrat,2990274,5742040
2016,Pennsylvania,"Trump, Donald J.",republican,2970733,6115402
1976,Rhode Island,"Carter, Jimmy",democrat,227636,410584
1980,Rhode Island,"Carter, Jimmy",democrat,198342,415967
1984,Rhode Island,"Reagan, Ronald",republican,212080,410489
1988,Rhode Island,"Dukakis, Michael",democrat,225123,404622
1992,Rhode Island,"Clinton, Bill",democrat,213299,453365
1996,Rhode Island,"Clinton, Bill",democrat,233050,390247
2000,Rhode Island,"Gore, Al",democrat,249508,409112
2004,Rhode Island,"Kerry, John",democrat,259760,437134
2008,Rhode Island,"Obama, Barack H.",democrat,296571,471766
2012,Rhode Island,"Obama, Barack H.",democrat,279677,446049
2016,Rhode Island,"Clinton, Hillary",democrat,252525,464144
1976,South Carolina,"Carter, Jimmy",democrat,450807,802583
1980,South Carolina,"Reagan, Ronald",republican,439277,888258
1984,South Carolina,"Reagan, Ronald",republican,615539,968529
1988,South Carolina,"Bush, George H.W.",republican,606443,986009
1992,South Carolina,"Bush, George H.W.",republican,577507,1228912
1996,South Carolina,"Dole, Robert",republican,573339,1150182
2000,South Carolina,"Bush, George W.",republican,786892,1383902
2004,South Carolina,"Bush, George W.",republican,937974,1617700
2008,South Carolina,"McCain, John",republican,1034896,1920969
2012,South Carolina,"Romney, Mitt",republican,1071645,1964118
2016,South Carolina,"Trump, Donald J.",republican,1155389,2103027
1976,South Dakota,"Ford, Gerald",republican,151505,300678
1980,South Dakota,"Reagan, Ronald",republican,198343,327703
1984,South Dakota,"Reagan, Ronald",republican,200267,317867
1988,South Dakota,"Bush, George H.W.",republican,165415,312991
1992,South Dakota,"Bush, George H.W.",republican,136718,336254
1996,South Dakota,"Dole, Robert",republican,150543,323826
2000,South Dakota,"Bush, George W.",republican,190700,316269
2004,South Dakota,"Bush, George W.",republican,232584,388215
2008,South Dakota,"McCain, John",republican,203054,381975
2012,South Dakota,"Romney, Mitt",republican,210610,363815
2016,South Dakota,"Trump, Donald J.",republican,227721,370093
1976,Tennessee,"Carter, Jimmy",democrat,825879,1476346
1980,Tennessee,"Reagan, Ronald",republican,787761,1617616
1984,Tennessee,"Reagan, Ronald",republican,990212,1711993
1988,Tennessee,"Bush, George H.W.",republican,947233,1636250
1992,Tennessee,"Clinton, Bill",democrat,933521,1982638
1996,Tennessee,"Clinton, Bill",democrat,909146,1894105
2000,Tennessee,"Bush, George W.",republican,1061949,2076181
2004,Tennessee,"Bush, George W.",republican,1384375,2437319
2008,Tennessee,"McCain, John",republican,1479178,2599749
2012,Tennessee,"Romney, Mitt",republican,1462330,2458577
2016,Tennessee,"Trump, Donald J.",republican,1522925,2508027
1976,Texas,"Carter, Jimmy",democrat,2082319,4071884
1980,Texas,"Reagan, Ronald",republican,2510705,4541636
1984,Texas,"Reagan, Ronald",republican,3433428,5397571
1988,Texas,"Bush, George H.W.",republican,3036829,5427410
1992,Texas,"Bush, George H.W.",republican,2496071,6154018
1996,Texas,"Dole, Robert",republican,2736167,5611644
2000,Texas,"Bush, George W.",republican,3799639,6407637
2004,Texas,"Bush, George W.",republican,4526917,7410749
2008,Texas,"McCain, John",republican,4479328,8077795
2012,Texas,"Romney, Mitt",republican,4569843,7993851
2016,Texas,"Trump, Donald J.",republican,4685047,8969226
1976,Utah,"Ford, Gerald",republican,337908,541218
1980,Utah,"Reagan, Ronald",republican,439687,604152
1984,Utah,"Reagan, Ronald",republican,469105,629656
1988,Utah,"Bush, George H.W.",republican,428442,647008
1992,Utah,"Bush, George H.W.",republican,322632,743998
1996,Utah,"Dole, Robert",republican,361911,665629
2000,Utah,"Bush, George W.",republican,515096,770754
2004,Utah,"Bush, George W.",republican,663742,927844
2008,Utah,"McCain, John",republican,596030,952370
2012,Utah,"Romney, Mitt",republican,740600,1017440
2016,Utah,"Trump, Donald J.",republican,515211,1131317
1976,Vermont,"Ford, Gerald",republican,100387,183902
1980,Vermont,"Reagan, Ronald",republican,94628,213299
1984,Vermont,"Reagan, Ronald",republican,135865,234561
1988,Vermont,"Bush, George H.W.",republican,124331,243328
1992,Vermont,"Clinton, Bill",democrat,133592,289701
1996,Vermont,"Clinton, Bill",democrat,137894,258449
2000,Vermont,"Gore, Al",democrat,149022,294308
2004,Vermont,"Kerry, John",democrat,184067,312309
2008,Vermont,"Obama, Barack H.",democrat,219262,325046
2012,Vermont,"Obama, Barack H.",democrat,199239,299290
2016,Vermont,"Clinton, Hillary",democrat,178573,320467
1976,Virginia,"Ford, Gerald",republican,836554,1697094
1980,Virginia,"Reagan, Ronald",republican,989609,1866032
1984,Virginia,"Reagan, Ronald",republican,1337078,2146635
1988,Virginia,"Bush, George H.W.",republican,1309162,2191609
1992,Virginia,"Bush, George H.W.",republican,1150517,2559129
1996,Virginia,"Dole, Robert",republican,1138350,2416642
2000,Virginia,"Bush, George W.",republican,1437490,2739447
2004,Virginia,"Bush, George W.",republican,1716959,3195415
2008,Virginia,"Obama, Barack H.",democrat,1959532,3723260
2012,Virginia,"Obama, Barack H.",democrat,1971820,3854489
2016,Virginia,"Clinton, Hillary",democrat,1981473,3982752
1976,Washington,"Ford, Gerald",republican,777732,1555534
1980,Washington,"Reagan, Ronald",republican,865244,1742394
1984,Washington,"Reagan, Ronald",republican,1051670,1874910
1988,Washington,"Dukakis, Michael",democrat,933516,1865253
1992,Washington,"Clinton, Bill",democrat,993037,2287565
1996,Washington,"Clinton, Bill",democrat,1123323,2253837
2000,Washington,"Gore, Al",democrat,1247652,2487433
2004,Washington,"Kerry, John",democrat,1510201,2859084
2008,Washington,"Obama, Barack H.",democrat,1750848,3036878
2012,Washington,"Obama, Barack H.",democrat,1755396,3125516
2016,Washington,"Clinton, Hillary",democrat,1742718,3317019
1976,West Virginia,"Carter, Jimmy",democrat,435864,750590
1980,West Virginia,"Carter, Jimmy",democrat,367462,737715
1984,West Virginia,"Reagan, Ronald",republican,405483,735742
1988,West Virginia,"Dukakis, Michael",democrat,341016,653311
1992,West Virginia,"Clinton, Bill",democrat,331001,683677
1996,West Virginia,"Clinton, Bill",democrat,327812,636459
2000,West Virginia,"Bush, George W.",republican,336475,648124
2004,West Virginia,"Bush, George W.",republican,423778,755792
2008,West Virginia,"McCain, John",republican,397466,713451
2012,West Virginia,"Romney, Mitt",republican,417655,670438
2016,West Virginia,"Trump, Donald J.",republican,489371,713051
1976,Wisconsin,"Carter, Jimmy",democrat,1040232,2101336
1980,Wisconsin,"Reagan, Ronald",republican,1088845,2273221
1984,Wisconsin,"Reagan, Ronald",republican,1198584,2211689
1988,Wisconsin,"Dukakis, Michael",democrat,1126794,2191608
1992,Wisconsin,"Clinton, Bill",democrat,1041066,2531064
1996,Wisconsin,"Clinton, Bill",democrat,1071971,2196169
2000,Wisconsin,"Gore, Al",democrat,1242987,2598607
2004,Wisconsin,"Kerry, John",democrat,1489504,2997007
2008,Wisconsin,"Obama, Barack H.",democrat,1677211,2983417
2012,Wisconsin,"Obama, Barack H.",democrat,1620985,3071434
2016,Wisconsin,"Trump, Donald J.",republican,1405284,2976150
1976,Wyoming,"Ford, Gerald",republican,92717,156343
1980,Wyoming,"Reagan, Ronald",republican,110700,176713
1984,Wyoming,"Reagan, Ronald",republican,133241,188968
1988,Wyoming,"Bush, George H.W.",republican,106867,176551
1992,Wyoming,"Bush, George H.W.",republican,79347,199884
1996,Wyoming,"Dole, Robert",republican,105388,211571
2000,Wyoming,"Bush, George W.",republican,147947,213726
2004,Wyoming,"Bush, George W.",republican,167629,243861
2008,Wyoming,"McCain, John",republican,164958,254904
2012,Wyoming,"Romney, Mitt",republican,170962,250701
2016,Wyoming,"Trump, Donald J.",republican,174419,258788
